"Month","Day","Year","Date_Format_YYYYMMDD","Date_id"
5,30,1999,"1999-05-30","19990530"
8,9,2020,"2020-08-09","20200809"
3,1,2015,"2015-03-01","20150301"
3,25,2018,"2018-03-25","20180325"
8,16,2020,"2020-08-16","20200816"
6,7,2019,"2019-06-07","20190607"
8,18,2020,"2020-08-18","20200818"
8,13,2017,"2017-08-13","20170813"
8,10,2020,"2020-08-10","20200810"
11,17,2019,"2019-11-17","20191117"
3,27,2005,"2005-03-27","20050327"
7,7,2020,"2020-07-07","20200707"
10,6,2019,"2019-10-06","20191006"
10,17,1999,"1999-10-17","19991017"
5,20,2018,"2018-05-20","20180520"
1,12,2020,"2020-01-12","20200112"
2,19,2012,"2012-02-19","20120219"
7,30,2020,"2020-07-30","20200730"
12,2,2019,"2019-12-02","20191202"
2,2,2003,"2003-02-02","20030202"
4,22,2018,"2018-04-22","20180422"
6,21,2020,"2020-06-21","20200621"
5,31,2020,"2020-05-31","20200531"
12,16,2007,"2007-12-16","20071216"
3,8,2020,"2020-03-08","20200308"
7,17,2016,"2016-07-17","20160717"
7,31,2016,"2016-07-31","20160731"
6,10,2019,"2019-06-10","20190610"
1,13,2019,"2019-01-13","20190113"
3,9,2020,"2020-03-09","20200309"
4,19,2020,"2020-04-19","20200419"
4,22,2007,"2007-04-22","20070422"
11,13,2011,"2011-11-13","20111113"
12,15,2019,"2019-12-15","20191215"
6,30,2020,"2020-06-30","20200630"
1,26,2020,"2020-01-26","20200126"
8,23,2015,"2015-08-23","20150823"
9,25,2016,"2016-09-25","20160925"
7,29,2020,"2020-07-29","20200729"
5,17,2020,"2020-05-17","20200517"
4,10,2017,"2017-04-10","20170410"
1,25,1998,"1998-01-25","19980125"
6,14,2020,"2020-06-14","20200614"
7,3,2016,"2016-07-03","20160703"
4,4,2010,"2010-04-04","20100404"
6,6,2019,"2019-06-06","20190606"
8,23,2020,"2020-08-23","20200823"
9,8,2019,"2019-09-08","20190908"
10,11,2019,"2019-10-11","20191011"
6,8,2020,"2020-06-08","20200608"
10,7,2019,"2019-10-07","20191007"
9,1,2013,"2013-09-01","20130901"
7,6,2019,"2019-07-06","20190706"
11,17,1996,"1996-11-17","19961117"
8,11,2019,"2019-08-11","20190811"
6,17,2018,"2018-06-17","20180617"
2,10,2019,"2019-02-10","20190210"
12,20,2015,"2015-12-20","20151220"
7,1,2019,"2019-07-01","20190701"
1,14,2018,"2018-01-14","20180114"
3,22,2020,"2020-03-22","20200322"
7,26,2015,"2015-07-26","20150726"
6,25,2000,"2000-06-25","20000625"
1,19,2014,"2014-01-19","20140119"
12,6,2015,"2015-12-06","20151206"
2,25,2018,"2018-02-25","20180225"
6,5,1994,"1994-06-05","19940605"
11,10,2019,"2019-11-10","20191110"
8,3,2014,"2014-08-03","20140803"
8,19,2015,"2015-08-19","20150819"
7,5,2015,"2015-07-05","20150705"
5,6,2018,"2018-05-06","20180506"
5,2,2018,"2018-05-02","20180502"
6,9,2013,"2013-06-09","20130609"
5,19,2019,"2019-05-19","20190519"
7,2,2017,"2017-07-02","20170702"
3,15,2015,"2015-03-15","20150315"
7,12,2020,"2020-07-12","20200712"
6,9,2020,"2020-06-09","20200609"
3,16,2020,"2020-03-16","20200316"
6,3,2018,"2018-06-03","20180603"
6,15,2020,"2020-06-15","20200615"
1,27,2008,"2008-01-27","20080127"
4,5,2020,"2020-04-05","20200405"
7,7,2013,"2013-07-07","20130707"
7,26,2020,"2020-07-26","20200726"
8,25,2019,"2019-08-25","20190825"
4,23,2017,"2017-04-23","20170423"
10,11,2015,"2015-10-11","20151011"
1,27,2019,"2019-01-27","20190127"
5,13,2012,"2012-05-13","20120513"
7,18,2018,"2018-07-18","20180718"
9,16,1979,"1979-09-16","19790916"
4,7,2019,"2019-04-07","20190407"
6,26,2018,"2018-06-26","20180626"
5,29,2018,"2018-05-29","20180529"
3,4,2012,"2012-03-04","20120304"
11,6,2017,"2017-11-06","20171106"
5,7,2017,"2017-05-07","20170507"
8,16,2015,"2015-08-16","20150816"
9,9,2018,"2018-09-09","20180909"
11,9,2014,"2014-11-09","20141109"
2,9,2014,"2014-02-09","20140209"
3,15,2018,"2018-03-15","20180315"
2,4,2001,"2001-02-04","20010204"
12,30,2018,"2018-12-30","20181230"
3,26,2017,"2017-03-26","20170326"
10,10,2016,"2016-10-10","20161010"
5,1,2011,"2011-05-01","20110501"
3,31,2013,"2013-03-31","20130331"
6,30,2019,"2019-06-30","20190630"
3,11,2018,"2018-03-11","20180311"
5,16,2010,"2010-05-16","20100516"
9,10,2017,"2017-09-10","20170910"
4,9,2017,"2017-04-09","20170409"
4,26,2015,"2015-04-26","20150426"
8,28,2016,"2016-08-28","20160828"
5,4,2008,"2008-05-04","20080504"
7,30,2017,"2017-07-30","20170730"
10,12,2014,"2014-10-12","20141012"
3,10,2019,"2019-03-10","20190310"
9,24,2006,"2006-09-24","20060924"
8,17,2020,"2020-08-17","20200817"
7,9,2018,"2018-07-09","20180709"
6,11,2018,"2018-06-11","20180611"
8,24,2020,"2020-08-24","20200824"
6,18,1995,"1995-06-18","19950618"
1,21,2018,"2018-01-21","20180121"
6,18,2018,"2018-06-18","20180618"
4,8,2019,"2019-04-08","20190408"
6,28,2020,"2020-06-28","20200628"
5,22,2016,"2016-05-22","20160522"
7,20,2020,"2020-07-20","20200720"
7,17,2019,"2019-07-17","20190717"
9,23,2018,"2018-09-23","20180923"
2,24,2019,"2019-02-24","20190224"
9,15,2013,"2013-09-15","20130915"
7,14,2019,"2019-07-14","20190714"
5,11,2014,"2014-05-11","20140511"
6,24,2012,"2012-06-24","20120624"
4,8,2018,"2018-04-08","20180408"
8,30,2020,"2020-08-30","20200830"
7,28,2019,"2019-07-28","20190728"
5,27,2001,"2001-05-27","20010527"
6,8,2017,"2017-06-08","20170608"
5,5,2019,"2019-05-05","20190505"
2,11,2018,"2018-02-11","20180211"
11,5,2017,"2017-11-05","20171105"
9,26,1999,"1999-09-26","19990926"
12,9,2012,"2012-12-09","20121209"
8,12,2018,"2018-08-12","20180812"
6,19,2016,"2016-06-19","20160619"
10,21,2018,"2018-10-21","20181021"
3,16,2003,"2003-03-16","20030316"
2,15,2015,"2015-02-15","20150215"
6,24,2019,"2019-06-24","20190624"
10,22,2019,"2019-10-22","20191022"
5,24,2015,"2015-05-24","20150524"
1,25,2015,"2015-01-25","20150125"
5,22,2017,"2017-05-22","20170522"
12,16,2018,"2018-12-16","20181216"
3,27,2016,"2016-03-27","20160327"
6,4,2018,"2018-06-04","20180604"
8,26,2018,"2018-08-26","20180826"
5,25,2018,"2018-05-25","20180525"
8,25,2020,"2020-08-25","20200825"
7,16,2017,"2017-07-16","20170716"
12,21,2008,"2008-12-21","20081221"
10,20,2019,"2019-10-20","20191020"
12,29,2019,"2019-12-29","20191229"
1,19,2020,"2020-01-19","20200119"
6,3,2007,"2007-06-03","20070603"
8,30,2015,"2015-08-30","20150830"
5,17,2009,"2009-05-17","20090517"
5,27,2012,"2012-05-27","20120527"
9,28,2014,"2014-09-28","20140928"
9,1,2020,"2020-09-01","20200901"
1,14,1996,"1996-01-14","19960114"
6,25,2019,"2019-06-25","20190625"
8,28,2020,"2020-08-28","20200828"
2,28,2016,"2016-02-28","20160228"
12,31,2017,"2017-12-31","20171231"
7,9,2017,"2017-07-09","20170709"
8,12,2019,"2019-08-12","20190812"
9,28,2003,"2003-09-28","20030928"
5,31,2009,"2009-05-31","20090531"
12,19,2004,"2004-12-19","20041219"
4,12,2015,"2015-04-12","20150412"
10,25,2015,"2015-10-25","20151025"
1,11,2015,"2015-01-11","20150111"
11,18,2013,"2013-11-18","20131118"
3,17,2013,"2013-03-17","20130317"
1,8,2012,"2012-01-08","20120108"
6,28,2009,"2009-06-28","20090628"
1,13,2020,"2020-01-13","20200113"
11,3,2019,"2019-11-03","20191103"
9,11,2016,"2016-09-11","20160911"
2,9,2020,"2020-02-09","20200209"
9,29,2013,"2013-09-29","20130929"
12,4,2016,"2016-12-04","20161204"
3,29,2015,"2015-03-29","20150329"
8,8,2016,"2016-08-08","20160808"
1,15,2016,"2016-01-15","20160115"
12,1,2013,"2013-12-01","20131201"
6,25,2017,"2017-06-25","20170625"
9,15,2002,"2002-09-15","20020915"
5,15,2011,"2011-05-15","20110515"
1,4,2015,"2015-01-04","20150104"
12,1,2011,"2011-12-01","20111201"
9,26,2004,"2004-09-26","20040926"
7,8,2001,"2001-07-08","20010708"
8,29,2004,"2004-08-29","20040829"
12,4,2005,"2005-12-04","20051204"
8,14,2016,"2016-08-14","20160814"
1,2,2018,"2018-01-02","20180102"
3,18,2012,"2012-03-18","20120318"
6,3,2010,"2010-06-03","20100603"
12,20,2019,"2019-12-20","20191220"
4,13,2014,"2014-04-13","20140413"
11,11,2012,"2012-11-11","20121111"
2,26,2017,"2017-02-26","20170226"
2,14,2016,"2016-02-14","20160214"
2,24,2008,"2008-02-24","20080224"
12,2,2018,"2018-12-02","20181202"
6,18,2017,"2017-06-18","20170618"
2,6,2011,"2011-02-06","20110206"
4,5,2009,"2009-04-05","20090405"
12,17,2015,"2015-12-17","20151217"
9,16,2012,"2012-09-16","20120916"
6,5,2018,"2018-06-05","20180605"
12,3,2017,"2017-12-03","20171203"
4,29,2012,"2012-04-29","20120429"
9,26,2016,"2016-09-26","20160926"
7,6,2003,"2003-07-06","20030706"
2,3,2020,"2020-02-03","20200203"
3,23,2020,"2020-03-23","20200323"
7,2,1989,"1989-07-02","19890702"
12,8,2013,"2013-12-08","20131208"
10,13,2013,"2013-10-13","20131013"
6,15,2008,"2008-06-15","20080615"
4,24,2016,"2016-04-24","20160424"
7,21,2002,"2002-07-21","20020721"
7,6,2020,"2020-07-06","20200706"
10,28,2001,"2001-10-28","20011028"
5,8,2016,"2016-05-08","20160508"
4,20,2003,"2003-04-20","20030420"
5,25,2014,"2014-05-25","20140525"
6,18,2020,"2020-06-18","20200618"
6,22,2014,"2014-06-22","20140622"
7,21,1991,"1991-07-21","19910721"
9,25,2017,"2017-09-25","20170925"
7,18,2016,"2016-07-18","20160718"
12,12,1999,"1999-12-12","19991212"
8,31,2020,"2020-08-31","20200831"
3,2,2020,"2020-03-02","20200302"
11,25,2018,"2018-11-25","20181125"
10,8,2017,"2017-10-08","20171008"
5,26,2013,"2013-05-26","20130526"
12,21,1997,"1997-12-21","19971221"
8,8,2010,"2010-08-08","20100808"
4,12,2014,"2014-04-12","20140412"
3,31,1991,"1991-03-31","19910331"
8,23,2009,"2009-08-23","20090823"
8,24,2008,"2008-08-24","20080824"
2,24,2020,"2020-02-24","20200224"
5,30,2010,"2010-05-30","20100530"
12,1,1996,"1996-12-01","19961201"
10,7,2018,"2018-10-07","20181007"
9,6,2015,"2015-09-06","20150906"
11,6,2016,"2016-11-06","20161106"
4,15,2019,"2019-04-15","20190415"
3,24,2019,"2019-03-24","20190324"
12,13,1998,"1998-12-13","19981213"
4,28,2013,"2013-04-28","20130428"
8,7,2011,"2011-08-07","20110807"
2,1,2015,"2015-02-01","20150201"
2,16,2014,"2014-02-16","20140216"
2,23,2020,"2020-02-23","20200223"
6,5,2005,"2005-06-05","20050605"
12,26,2012,"2012-12-26","20121226"
3,16,2014,"2014-03-16","20140316"
4,18,1999,"1999-04-18","19990418"
2,15,2019,"2019-02-15","20190215"
6,13,1999,"1999-06-13","19990613"
6,18,2006,"2006-06-18","20060618"
5,18,2008,"2008-05-18","20080518"
6,25,2018,"2018-06-25","20180625"
4,17,2011,"2011-04-17","20110417"
4,20,1997,"1997-04-20","19970420"
10,2,2011,"2011-10-02","20111002"
6,14,1998,"1998-06-14","19980614"
5,21,2017,"2017-05-21","20170521"
1,6,2020,"2020-01-06","20200106"
1,24,2016,"2016-01-24","20160124"
3,30,2003,"2003-03-30","20030330"
5,7,2006,"2006-05-07","20060507"
2,16,2003,"2003-02-16","20030216"
2,18,1990,"1990-02-18","19900218"
9,5,1999,"1999-09-05","19990905"
8,14,2005,"2005-08-14","20050814"
6,9,2002,"2002-06-09","20020609"
7,11,2004,"2004-07-11","20040711"
7,1,2018,"2018-07-01","20180701"
8,27,2017,"2017-08-27","20170827"
3,3,2002,"2002-03-03","20020303"
7,30,2006,"2006-07-30","20060730"
2,3,2013,"2013-02-03","20130203"
7,22,2019,"2019-07-22","20190722"
2,22,2004,"2004-02-22","20040222"
8,28,2018,"2018-08-28","20180828"
6,2,2019,"2019-06-02","20190602"
11,4,2018,"2018-11-04","20181104"
10,22,2017,"2017-10-22","20171022"
1,29,2006,"2006-01-29","20060129"
1,14,2007,"2007-01-14","20070114"
3,8,2009,"2009-03-08","20090308"
9,6,2020,"2020-09-06","20200906"
1,1,2017,"2017-01-01","20170101"
7,2,2006,"2006-07-02","20060702"
3,30,2016,"2016-03-30","20160330"
6,27,2010,"2010-06-27","20100627"
12,9,1990,"1990-12-09","19901209"
3,4,2001,"2001-03-04","20010304"
11,23,2014,"2014-11-23","20141123"
9,8,2020,"2020-09-08","20200908"
6,11,2000,"2000-06-11","20000611"
6,3,2019,"2019-06-03","20190603"
2,13,2005,"2005-02-13","20050213"
1,23,2011,"2011-01-23","20110123"
4,15,2001,"2001-04-15","20010415"
7,19,2015,"2015-07-19","20150719"
2,7,1999,"1999-02-07","19990207"
5,21,1995,"1995-05-21","19950521"
3,12,2006,"2006-03-12","20060312"
6,18,2000,"2000-06-18","20000618"
8,18,2013,"2013-08-18","20130818"
12,7,2003,"2003-12-07","20031207"
1,31,2016,"2016-01-31","20160131"
6,23,2002,"2002-06-23","20020623"
10,30,2017,"2017-10-30","20171030"
7,13,2020,"2020-07-13","20200713"
11,5,2018,"2018-11-05","20181105"
5,10,2020,"2020-05-10","20200510"
3,17,2002,"2002-03-17","20020317"
9,24,1995,"1995-09-24","19950924"
6,1,2020,"2020-06-01","20200601"
1,26,1997,"1997-01-26","19970126"
6,16,2019,"2019-06-16","20190616"
6,5,2016,"2016-06-05","20160605"
10,21,2007,"2007-10-21","20071021"
2,2,1992,"1992-02-02","19920202"
7,26,2009,"2009-07-26","20090726"
9,27,2015,"2015-09-27","20150927"
8,3,2003,"2003-08-03","20030803"
9,9,2020,"2020-09-09","20200909"
3,5,2000,"2000-03-05","20000305"
11,20,1994,"1994-11-20","19941120"
5,12,2018,"2018-05-12","20180512"
7,28,2002,"2002-07-28","20020728"
12,30,2007,"2007-12-30","20071230"
9,10,2020,"2020-09-10","20200910"
4,2,2006,"2006-04-02","20060402"
8,22,2004,"2004-08-22","20040822"
1,6,2013,"2013-01-06","20130106"
3,4,2019,"2019-03-04","20190304"
4,15,2012,"2012-04-15","20120415"
3,13,2020,"2020-03-13","20200313"
2,9,2016,"2016-02-09","20160209"
12,6,2018,"2018-12-06","20181206"
9,24,2017,"2017-09-24","20170924"
8,28,2005,"2005-08-28","20050828"
11,20,2005,"2005-11-20","20051120"
9,1,2002,"2002-09-01","20020901"
10,10,2004,"2004-10-10","20041010"
7,14,2020,"2020-07-14","20200714"
7,29,2018,"2018-07-29","20180729"
4,24,2019,"2019-04-24","20190424"
12,18,2016,"2016-12-18","20161218"
11,18,2018,"2018-11-18","20181118"
1,21,2020,"2020-01-21","20200121"
9,14,2020,"2020-09-14","20200914"
9,28,1997,"1997-09-28","19970928"
9,23,1990,"1990-09-23","19900923"
11,19,2017,"2017-11-19","20171119"
5,3,1998,"1998-05-03","19980503"
11,2,2008,"2008-11-02","20081102"
9,11,2005,"2005-09-11","20050911"
9,13,2020,"2020-09-13","20200913"
5,26,2018,"2018-05-26","20180526"
7,25,2010,"2010-07-25","20100725"
10,25,1987,"1987-10-25","19871025"
7,12,2019,"2019-07-12","20190712"
2,14,2015,"2015-02-14","20150214"
5,17,1998,"1998-05-17","19980517"
6,29,2020,"2020-06-29","20200629"
4,25,2018,"2018-04-25","20180425"
6,17,2019,"2019-06-17","20190617"
11,12,2000,"2000-11-12","20001112"
6,10,2018,"2018-06-10","20180610"
4,19,2009,"2009-04-19","20090419"
7,15,2018,"2018-07-15","20180715"
3,10,1991,"1991-03-10","19910310"
5,21,2000,"2000-05-21","20000521"
11,4,2007,"2007-11-04","20071104"
1,2,1994,"1994-01-02","19940102"
5,8,2011,"2011-05-08","20110508"
6,9,1996,"1996-06-09","19960609"
1,28,2018,"2018-01-28","20180128"
11,13,2017,"2017-11-13","20171113"
11,20,2016,"2016-11-20","20161120"
12,27,2019,"2019-12-27","20191227"
10,28,2012,"2012-10-28","20121028"
5,20,2019,"2019-05-20","20190520"
6,22,1997,"1997-06-22","19970622"
10,25,1992,"1992-10-25","19921025"
2,11,2007,"2007-02-11","20070211"
8,20,2017,"2017-08-20","20170820"
11,27,1988,"1988-11-27","19881127"
1,12,1992,"1992-01-12","19920112"
6,2,2020,"2020-06-02","20200602"
3,18,2001,"2001-03-18","20010318"
5,25,2003,"2003-05-25","20030525"
6,5,2020,"2020-06-05","20200605"
2,29,2004,"2004-02-29","20040229"
6,4,2020,"2020-06-04","20200604"
10,18,1998,"1998-10-18","19981018"
4,15,1990,"1990-04-15","19900415"
1,6,2019,"2019-01-06","20190106"
11,23,2005,"2005-11-23","20051123"
3,13,2016,"2016-03-13","20160313"
9,16,2018,"2018-09-16","20180916"
10,5,2014,"2014-10-05","20141005"
11,28,1999,"1999-11-28","19991128"
10,17,2010,"2010-10-17","20101017"
3,9,2008,"2008-03-09","20080309"
12,1,2019,"2019-12-01","20191201"
5,3,2020,"2020-05-03","20200503"
7,22,2001,"2001-07-22","20010722"
12,7,2014,"2014-12-07","20141207"
4,21,2019,"2019-04-21","20190421"
10,27,2019,"2019-10-27","20191027"
4,10,2016,"2016-04-10","20160410"
6,20,2004,"2004-06-20","20040620"
6,7,2020,"2020-06-07","20200607"
4,9,2018,"2018-04-09","20180409"
10,8,2000,"2000-10-08","20001008"
11,8,2015,"2015-11-08","20151108"
12,10,2000,"2000-12-10","20001210"
4,4,1999,"1999-04-04","19990404"
12,17,2017,"2017-12-17","20171217"
8,15,2004,"2004-08-15","20040815"
4,6,2008,"2008-04-06","20080406"
3,30,2014,"2014-03-30","20140330"
5,4,1997,"1997-05-04","19970504"
5,26,2002,"2002-05-26","20020526"
2,20,2011,"2011-02-20","20110220"
7,17,2020,"2020-07-17","20200717"
2,7,2010,"2010-02-07","20100207"
7,19,2018,"2018-07-19","20180719"
7,23,2000,"2000-07-23","20000723"
2,17,2013,"2013-02-17","20130217"
8,17,2014,"2014-08-17","20140817"
9,20,2020,"2020-09-20","20200920"
1,5,2020,"2020-01-05","20200105"
9,21,2020,"2020-09-21","20200921"
4,28,2019,"2019-04-28","20190428"
12,23,2012,"2012-12-23","20121223"
7,2,1995,"1995-07-02","19950702"
8,9,2009,"2009-08-09","20090809"
1,3,2016,"2016-01-03","20160103"
7,20,2014,"2014-07-20","20140720"
12,22,2013,"2013-12-22","20131222"
6,26,2011,"2011-06-26","20110626"
4,28,2018,"2018-04-28","20180428"
3,14,2018,"2018-03-14","20180314"
1,29,2017,"2017-01-29","20170129"
11,21,1999,"1999-11-21","19991121"
8,31,2014,"2014-08-31","20140831"
8,16,2018,"2018-08-16","20180816"
6,21,2015,"2015-06-21","20150621"
6,10,2020,"2020-06-10","20200610"
5,13,2017,"2017-05-13","20170513"
7,8,2019,"2019-07-08","20190708"
5,23,2018,"2018-05-23","20180523"
1,15,2017,"2017-01-15","20170115"
4,25,2019,"2019-04-25","20190425"
5,12,2002,"2002-05-12","20020512"
6,11,2019,"2019-06-11","20190611"
9,22,2019,"2019-09-22","20190922"
8,17,2003,"2003-08-17","20030817"
3,1,2019,"2019-03-01","20190301"
10,16,2011,"2011-10-16","20111016"
5,6,2019,"2019-05-06","20190506"
8,19,2012,"2012-08-19","20120819"
3,28,2004,"2004-03-28","20040328"
7,10,2011,"2011-07-10","20110710"
7,29,2019,"2019-07-29","20190729"
5,31,1998,"1998-05-31","19980531"
1,20,2013,"2013-01-20","20130120"
10,4,2019,"2019-10-04","20191004"
2,12,2018,"2018-02-12","20180212"
9,18,2017,"2017-09-18","20170918"
2,10,2016,"2016-02-10","20160210"
2,13,2018,"2018-02-13","20180213"
2,10,2002,"2002-02-10","20020210"
6,23,2013,"2013-06-23","20130623"
9,3,2019,"2019-09-03","20190903"
6,17,2001,"2001-06-17","20010617"
1,4,2004,"2004-01-04","20040104"
5,26,2017,"2017-05-26","20170526"
1,20,2008,"2008-01-20","20080120"
9,23,2020,"2020-09-23","20200923"
3,27,2019,"2019-03-27","20190327"
9,23,2019,"2019-09-23","20190923"
3,6,2020,"2020-03-06","20200306"
9,25,2020,"2020-09-25","20200925"
1,28,2020,"2020-01-28","20200128"
1,17,2016,"2016-01-17","20160117"
6,19,2020,"2020-06-19","20200619"
1,5,2003,"2003-01-05","20030105"
1,27,2002,"2002-01-27","20020127"
5,10,1998,"1998-05-10","19980510"
2,7,2008,"2008-02-07","20080207"
1,8,1989,"1989-01-08","19890108"
5,22,2005,"2005-05-22","20050522"
7,2,2018,"2018-07-02","20180702"
8,6,2006,"2006-08-06","20060806"
2,15,2018,"2018-02-15","20180215"
6,7,2015,"2015-06-07","20150607"
11,22,1987,"1987-11-22","19871122"
4,3,2016,"2016-04-03","20160403"
10,5,2008,"2008-10-05","20081005"
7,11,2010,"2010-07-11","20100711"
11,25,2019,"2019-11-25","20191125"
3,25,2007,"2007-03-25","20070325"
4,10,1994,"1994-04-10","19940410"
6,17,2020,"2020-06-17","20200617"
1,19,2003,"2003-01-19","20030119"
12,6,1998,"1998-12-06","19981206"
9,30,2018,"2018-09-30","20180930"
9,14,2014,"2014-09-14","20140914"
6,24,1990,"1990-06-24","19900624"
4,30,2019,"2019-04-30","20190430"
3,12,2017,"2017-03-12","20170312"
6,22,2018,"2018-06-22","20180622"
9,20,2017,"2017-09-20","20170920"
6,15,2018,"2018-06-15","20180615"
8,24,2012,"2012-08-24","20120824"
11,25,2012,"2012-11-25","20121125"
6,1,1997,"1997-06-01","19970601"
1,22,2019,"2019-01-22","20190122"
8,5,2001,"2001-08-05","20010805"
8,28,2017,"2017-08-28","20170828"
7,27,1997,"1997-07-27","19970727"
5,31,2018,"2018-05-31","20180531"
11,19,2019,"2019-11-19","20191119"
11,3,1996,"1996-11-03","19961103"
2,7,1988,"1988-02-07","19880207"
2,1,2004,"2004-02-01","20040201"
1,5,2014,"2014-01-05","20140105"
9,16,2019,"2019-09-16","20190916"
8,2,1992,"1992-08-02","19920802"
9,5,2018,"2018-09-05","20180905"
8,22,1999,"1999-08-22","19990822"
3,2,2014,"2014-03-02","20140302"
7,29,2007,"2007-07-29","20070729"
10,16,2005,"2005-10-16","20051016"
7,21,2020,"2020-07-21","20200721"
2,20,2018,"2018-02-20","20180220"
6,23,2019,"2019-06-23","20190623"
11,22,2015,"2015-11-22","20151122"
6,6,2004,"2004-06-06","20040606"
4,17,2018,"2018-04-17","20180417"
4,23,2006,"2006-04-23","20060423"
7,31,2005,"2005-07-31","20050731"
8,21,2017,"2017-08-21","20170821"
5,20,2007,"2007-05-20","20070520"
1,18,2015,"2015-01-18","20150118"
1,28,2007,"2007-01-28","20070128"
5,23,2017,"2017-05-23","20170523"
5,27,2016,"2016-05-27","20160527"
3,22,2009,"2009-03-22","20090322"
8,13,2006,"2006-08-13","20060813"
4,2,2018,"2018-04-02","20180402"
5,8,2017,"2017-05-08","20170508"
6,16,2020,"2020-06-16","20200616"
5,28,2019,"2019-05-28","20190528"
3,25,2019,"2019-03-25","20190325"
8,17,2016,"2016-08-17","20160817"
6,6,2016,"2016-06-06","20160606"
8,19,2019,"2019-08-19","20190819"
4,22,2010,"2010-04-22","20100422"
9,12,2019,"2019-09-12","20190912"
7,17,2005,"2005-07-17","20050717"
6,26,2019,"2019-06-26","20190626"
3,10,2020,"2020-03-10","20200310"
9,20,2016,"2016-09-20","20160920"
8,12,2007,"2007-08-12","20070812"
7,7,2016,"2016-07-07","20160707"
7,2,2019,"2019-07-02","20190702"
11,4,2001,"2001-11-04","20011104"
3,13,2013,"2013-03-13","20130313"
3,22,2015,"2015-03-22","20150322"
6,4,2017,"2017-06-04","20170604"
10,31,2010,"2010-10-31","20101031"
6,1,2017,"2017-06-01","20170601"
6,12,2018,"2018-06-12","20180612"
8,2,2015,"2015-08-02","20150802"
6,23,2020,"2020-06-23","20200623"
7,3,2019,"2019-07-03","20190703"
5,31,2016,"2016-05-31","20160531"
5,11,2019,"2019-05-11","20190511"
5,21,2018,"2018-05-21","20180521"
2,21,1999,"1999-02-21","19990221"
2,10,2020,"2020-02-10","20200210"
12,25,2011,"2011-12-25","20111225"
3,7,1999,"1999-03-07","19990307"
1,10,2020,"2020-01-10","20200110"
2,5,2020,"2020-02-05","20200205"
4,29,2001,"2001-04-29","20010429"
2,25,2020,"2020-02-25","20200225"
5,25,2016,"2016-05-25","20160525"
5,8,2019,"2019-05-08","20190508"
6,21,2018,"2018-06-21","20180621"
7,13,2008,"2008-07-13","20080713"
10,17,2016,"2016-10-17","20161017"
7,5,2016,"2016-07-05","20160705"
10,6,2002,"2002-10-06","20021006"
1,22,2018,"2018-01-22","20180122"
8,16,2010,"2010-08-16","20100816"
5,21,2019,"2019-05-21","20190521"
4,11,2005,"2005-04-11","20050411"
8,7,2019,"2019-08-07","20190807"
7,31,2019,"2019-07-31","20190731"
7,23,2018,"2018-07-23","20180723"
5,15,2016,"2016-05-15","20160515"
12,17,2006,"2006-12-17","20061217"
7,15,2019,"2019-07-15","20190715"
5,12,2013,"2013-05-12","20130512"
4,3,2011,"2011-04-03","20110403"
9,15,2019,"2019-09-15","20190915"
10,27,2002,"2002-10-27","20021027"
5,15,2018,"2018-05-15","20180515"
10,16,2018,"2018-10-16","20181016"
8,29,2019,"2019-08-29","20190829"
10,12,2003,"2003-10-12","20031012"
1,11,1998,"1998-01-11","19980111"
2,25,2007,"2007-02-25","20070225"
1,29,2018,"2018-01-29","20180129"
11,21,2016,"2016-11-21","20161121"
9,28,2017,"2017-09-28","20170928"
10,17,2019,"2019-10-17","20191017"
1,22,2012,"2012-01-22","20120122"
7,10,2017,"2017-07-10","20170710"
12,18,2017,"2017-12-18","20171218"
11,18,2019,"2019-11-18","20191118"
4,11,2019,"2019-04-11","20190411"
6,2,2016,"2016-06-02","20160602"
5,24,2019,"2019-05-24","20190524"
6,10,2012,"2012-06-10","20120610"
6,22,2003,"2003-06-22","20030622"
5,16,2016,"2016-05-16","20160516"
12,31,2006,"2006-12-31","20061231"
1,23,2017,"2017-01-23","20170123"
8,23,2019,"2019-08-23","20190823"
8,14,2017,"2017-08-14","20170814"
11,1,1998,"1998-11-01","19981101"
9,30,2019,"2019-09-30","20190930"
9,9,2007,"2007-09-09","20070909"
8,7,2016,"2016-08-07","20160807"
7,4,1993,"1993-07-04","19930704"
3,14,2010,"2010-03-14","20100314"
5,18,2016,"2016-05-18","20160518"
2,16,2020,"2020-02-16","20200216"
10,10,2017,"2017-10-10","20171010"
5,23,2019,"2019-05-23","20190523"
12,19,2016,"2016-12-19","20161219"
6,8,2018,"2018-06-08","20180608"
9,22,2002,"2002-09-22","20020922"
5,10,2015,"2015-05-10","20150510"
3,28,2017,"2017-03-28","20170328"
9,3,2006,"2006-09-03","20060903"
1,23,2000,"2000-01-23","20000123"
3,12,1995,"1995-03-12","19950312"
5,7,2018,"2018-05-07","20180507"
1,29,2019,"2019-01-29","20190129"
8,19,1990,"1990-08-19","19900819"
6,6,2017,"2017-06-06","20170606"
2,6,2002,"2002-02-06","20020206"
12,24,2018,"2018-12-24","20181224"
11,15,1998,"1998-11-15","19981115"
10,31,2019,"2019-10-31","20191031"
12,6,2007,"2007-12-06","20071206"
2,6,2014,"2014-02-06","20140206"
3,15,2020,"2020-03-15","20200315"
7,24,2020,"2020-07-24","20200724"
9,20,2009,"2009-09-20","20090920"
7,19,2017,"2017-07-19","20170719"
1,18,2004,"2004-01-18","20040118"
7,16,2018,"2018-07-16","20180716"
9,18,2011,"2011-09-18","20110918"
7,30,2019,"2019-07-30","20190730"
9,23,2007,"2007-09-23","20070923"
9,25,2018,"2018-09-25","20180925"
12,27,2009,"2009-12-27","20091227"
12,6,2013,"2013-12-06","20131206"
4,23,2018,"2018-04-23","20180423"
1,15,2020,"2020-01-15","20200115"
3,1,2018,"2018-03-01","20180301"
6,6,2008,"2008-06-06","20080606"
12,24,2006,"2006-12-24","20061224"
3,18,2020,"2020-03-18","20200318"
3,4,2020,"2020-03-04","20200304"
12,23,2019,"2019-12-23","20191223"
5,10,2019,"2019-05-10","20190510"
6,1,2015,"2015-06-01","20150601"
9,12,1993,"1993-09-12","19930912"
4,7,2016,"2016-04-07","20160407"
5,9,2018,"2018-05-09","20180509"
9,16,2001,"2001-09-16","20010916"
1,17,2014,"2014-01-17","20140117"
4,1,2012,"2012-04-01","20120401"
1,31,2019,"2019-01-31","20190131"
6,12,2005,"2005-06-12","20050612"
2,10,2014,"2014-02-10","20140210"
9,4,2016,"2016-09-04","20160904"
3,26,2020,"2020-03-26","20200326"
6,9,2016,"2016-06-09","20160609"
2,13,2008,"2008-02-13","20080213"
11,30,1986,"1986-11-30","19861130"
3,5,2019,"2019-03-05","20190305"
1,17,2017,"2017-01-17","20170117"
5,14,2018,"2018-05-14","20180514"
10,19,1997,"1997-10-19","19971019"
4,16,2019,"2019-04-16","20190416"
9,21,2018,"2018-09-21","20180921"
7,13,2019,"2019-07-13","20190713"
9,25,2019,"2019-09-25","20190925"
7,12,2015,"2015-07-12","20150712"
12,4,2019,"2019-12-04","20191204"
1,13,2013,"2013-01-13","20130113"
8,26,2007,"2007-08-26","20070826"
12,27,2018,"2018-12-27","20181227"
10,9,2018,"2018-10-09","20181009"
1,27,2020,"2020-01-27","20200127"
3,3,2013,"2013-03-03","20130303"
12,2,2007,"2007-12-02","20071202"
7,4,2004,"2004-07-04","20040704"
7,31,2014,"2014-07-31","20140731"
10,23,2016,"2016-10-23","20161023"
2,2,2014,"2014-02-02","20140202"
9,21,2008,"2008-09-21","20080921"
4,23,2010,"2010-04-23","20100423"
2,9,2003,"2003-02-09","20030209"
8,6,2000,"2000-08-06","20000806"
10,19,2006,"2006-10-19","20061019"
8,1,2004,"2004-08-01","20040801"
10,21,2019,"2019-10-21","20191021"
1,26,2003,"2003-01-26","20030126"
12,14,1997,"1997-12-14","19971214"
6,13,2016,"2016-06-13","20160613"
2,18,2001,"2001-02-18","20010218"
10,1,2000,"2000-10-01","20001001"
3,23,2008,"2008-03-23","20080323"
10,13,2019,"2019-10-13","20191013"
2,18,2020,"2020-02-18","20200218"
4,30,1989,"1989-04-30","19890430"
7,13,1997,"1997-07-13","19970713"
3,8,1998,"1998-03-08","19980308"
9,5,2010,"2010-09-05","20100905"
4,30,2000,"2000-04-30","20000430"
4,11,2018,"2018-04-11","20180411"
3,19,2018,"2018-03-19","20180319"
9,16,1990,"1990-09-16","19900916"
10,26,2014,"2014-10-26","20141026"
8,7,2018,"2018-08-07","20180807"
7,16,1995,"1995-07-16","19950716"
12,29,1996,"1996-12-29","19961229"
4,12,2019,"2019-04-12","20190412"
3,2,2003,"2003-03-02","20030302"
5,4,2015,"2015-05-04","20150504"
11,10,2002,"2002-11-10","20021110"
9,7,1997,"1997-09-07","19970907"
2,3,2019,"2019-02-03","20190203"
5,29,2011,"2011-05-29","20110529"
1,15,2006,"2006-01-15","20060115"
1,6,2002,"2002-01-06","20020106"
9,6,2009,"2009-09-06","20090906"
2,25,1996,"1996-02-25","19960225"
1,20,1991,"1991-01-20","19910120"
5,13,1990,"1990-05-13","19900513"
5,26,1991,"1991-05-26","19910526"
1,30,2018,"2018-01-30","20180130"
9,2,2012,"2012-09-02","20120902"
1,11,2009,"2009-01-11","20090111"
1,20,2019,"2019-01-20","20190120"
7,24,1988,"1988-07-24","19880724"
10,9,2016,"2016-10-09","20161009"
5,17,2015,"2015-05-17","20150517"
8,5,2012,"2012-08-05","20120805"
5,6,2012,"2012-05-06","20120506"
9,13,2009,"2009-09-13","20090913"
7,10,2019,"2019-07-10","20190710"
4,11,1993,"1993-04-11","19930411"
3,7,2010,"2010-03-07","20100307"
12,21,2014,"2014-12-21","20141221"
11,12,2019,"2019-11-12","20191112"
1,28,2019,"2019-01-28","20190128"
9,30,2012,"2012-09-30","20120930"
8,11,2002,"2002-08-11","20020811"
11,19,2000,"2000-11-19","20001119"
11,14,1999,"1999-11-14","19991114"
1,18,2020,"2020-01-18","20200118"
2,8,2009,"2009-02-08","20090208"
9,29,1991,"1991-09-29","19910929"
11,23,2003,"2003-11-23","20031123"
2,9,1997,"1997-02-09","19970209"
12,9,2007,"2007-12-09","20071209"
9,12,2004,"2004-09-12","20040912"
6,16,1996,"1996-06-16","19960616"
5,28,2016,"2016-05-28","20160528"
4,2,2000,"2000-04-02","20000402"
9,22,2013,"2013-09-22","20130922"
1,7,2001,"2001-01-07","20010107"
4,3,2005,"2005-04-03","20050403"
11,16,2008,"2008-11-16","20081116"
11,13,1988,"1988-11-13","19881113"
9,9,2015,"2015-09-09","20150909"
2,6,2000,"2000-02-06","20000206"
11,18,2007,"2007-11-18","20071118"
8,14,2018,"2018-08-14","20180814"
8,30,2016,"2016-08-30","20160830"
6,1,2008,"2008-06-01","20080601"
2,8,2004,"2004-02-08","20040208"
4,11,2004,"2004-04-11","20040411"
4,23,1995,"1995-04-23","19950423"
1,21,2001,"2001-01-21","20010121"
8,10,2008,"2008-08-10","20080810"
5,3,2009,"2009-05-03","20090503"
12,30,2019,"2019-12-30","20191230"
12,18,2005,"2005-12-18","20051218"
3,29,2020,"2020-03-29","20200329"
10,9,2005,"2005-10-09","20051009"
3,29,1992,"1992-03-29","19920329"
1,20,2002,"2002-01-20","20020120"
2,12,2017,"2017-02-12","20170212"
7,26,1998,"1998-07-26","19980726"
12,28,1997,"1997-12-28","19971228"
10,24,2017,"2017-10-24","20171024"
4,25,2004,"2004-04-25","20040425"
4,24,2005,"2005-04-24","20050424"
12,8,2002,"2002-12-08","20021208"
10,3,2010,"2010-10-03","20101003"
10,29,2000,"2000-10-29","20001029"
6,19,2018,"2018-06-19","20180619"
6,29,2008,"2008-06-29","20080629"
7,22,2012,"2012-07-22","20120722"
8,27,2006,"2006-08-27","20060827"
6,15,1986,"1986-06-15","19860615"
9,24,2018,"2018-09-24","20180924"
2,3,2002,"2002-02-03","20020203"
2,1,2016,"2016-02-01","20160201"
7,1,2007,"2007-07-01","20070701"
10,27,2013,"2013-10-27","20131027"
7,15,2007,"2007-07-15","20070715"
4,10,2005,"2005-04-10","20050410"
6,16,2016,"2016-06-16","20160616"
7,12,1998,"1998-07-12","19980712"
11,10,2013,"2013-11-10","20131110"
2,15,2004,"2004-02-15","20040215"
4,25,1999,"1999-04-25","19990425"
7,16,2013,"2013-07-16","20130716"
7,15,2020,"2020-07-15","20200715"
4,13,2008,"2008-04-13","20080413"
11,27,2011,"2011-11-27","20111127"
7,23,2019,"2019-07-23","20190723"
11,14,2010,"2010-11-14","20101114"
2,10,1995,"1995-02-10","19950210"
6,27,1993,"1993-06-27","19930627"
2,10,2017,"2017-02-10","20170210"
6,7,1992,"1992-06-07","19920607"
2,10,1998,"1998-02-10","19980210"
9,20,2015,"2015-09-20","20150920"
5,18,1997,"1997-05-18","19970518"
10,14,2012,"2012-10-14","20121014"
10,2,2018,"2018-10-02","20181002"
11,24,2013,"2013-11-24","20131124"
1,1,2006,"2006-01-01","20060101"
1,23,2019,"2019-01-23","20190123"
7,5,2018,"2018-07-05","20180705"
3,26,2019,"2019-03-26","20190326"
7,27,2013,"2013-07-27","20130727"
6,15,1997,"1997-06-15","19970615"
5,30,2017,"2017-05-30","20170530"
2,26,2018,"2018-02-26","20180226"
2,20,2000,"2000-02-20","20000220"
5,24,1992,"1992-05-24","19920524"
3,6,2011,"2011-03-06","20110306"
6,27,1999,"1999-06-27","19990627"
5,14,2019,"2019-05-14","20190514"
4,5,1998,"1998-04-05","19980405"
5,1,2017,"2017-05-01","20170501"
2,23,1997,"1997-02-23","19970223"
7,4,2010,"2010-07-04","20100704"
12,21,2003,"2003-12-21","20031221"
5,21,2006,"2006-05-21","20060521"
11,30,1997,"1997-11-30","19971130"
4,21,1985,"1985-04-21","19850421"
7,24,2019,"2019-07-24","20190724"
9,13,2015,"2015-09-13","20150913"
1,17,1993,"1993-01-17","19930117"
4,6,1997,"1997-04-06","19970406"
9,17,2017,"2017-09-17","20170917"
7,27,2020,"2020-07-27","20200727"
11,13,2009,"2009-11-13","20091113"
7,28,2020,"2020-07-28","20200728"
12,9,2019,"2019-12-09","20191209"
4,13,2019,"2019-04-13","20190413"
6,2,2014,"2014-06-02","20140602"
12,26,2010,"2010-12-26","20101226"
6,17,2007,"2007-06-17","20070617"
5,14,2000,"2000-05-14","20000514"
4,27,2014,"2014-04-27","20140427"
2,4,1990,"1990-02-04","19900204"
8,30,2017,"2017-08-30","20170830"
2,22,2015,"2015-02-22","20150222"
6,14,2009,"2009-06-14","20090614"
1,24,2020,"2020-01-24","20200124"
10,19,2008,"2008-10-19","20081019"
12,13,2009,"2009-12-13","20091213"
1,28,2001,"2001-01-28","20010128"
2,20,2005,"2005-02-20","20050220"
2,10,2008,"2008-02-10","20080210"
9,28,2008,"2008-09-28","20080928"
12,28,2008,"2008-12-28","20081228"
5,22,1994,"1994-05-22","19940522"
10,3,2016,"2016-10-03","20161003"
6,20,2019,"2019-06-20","20190620"
3,11,1984,"1984-03-11","19840311"
10,7,2007,"2007-10-07","20071007"
6,10,2001,"2001-06-10","20010610"
3,20,2011,"2011-03-20","20110320"
10,30,2011,"2011-10-30","20111030"
2,18,1999,"1999-02-18","19990218"
11,6,2019,"2019-11-06","20191106"
9,4,2011,"2011-09-04","20110904"
12,28,2014,"2014-12-28","20141228"
6,6,2018,"2018-06-06","20180606"
11,4,2019,"2019-11-04","20191104"
10,1,2019,"2019-10-01","20191001"
3,27,2018,"2018-03-27","20180327"
1,3,1993,"1993-01-03","19930103"
12,25,1988,"1988-12-25","19881225"
8,11,2013,"2013-08-11","20130811"
5,11,1997,"1997-05-11","19970511"
7,5,1992,"1992-07-05","19920705"
6,8,2003,"2003-06-08","20030608"
12,11,2011,"2011-12-11","20111211"
12,30,1990,"1990-12-30","19901230"
7,1,2020,"2020-07-01","20200701"
9,13,2012,"2012-09-13","20120913"
8,4,2020,"2020-08-04","20200804"
6,25,2006,"2006-06-25","20060625"
8,17,2013,"2013-08-17","20130817"
2,5,2012,"2012-02-05","20120205"
11,1,2012,"2012-11-01","20121101"
3,30,2020,"2020-03-30","20200330"
5,9,2004,"2004-05-09","20040509"
10,30,2018,"2018-10-30","20181030"
5,26,2016,"2016-05-26","20160526"
5,23,2004,"2004-05-23","20040523"
3,13,2017,"2017-03-13","20170313"
2,12,2006,"2006-02-12","20060212"
7,3,1994,"1994-07-03","19940703"
12,12,2010,"2010-12-12","20101212"
1,30,2005,"2005-01-30","20050130"
12,21,2016,"2016-12-21","20161221"
12,9,2001,"2001-12-09","20011209"
12,14,2008,"2008-12-14","20081214"
5,15,2017,"2017-05-15","20170515"
11,6,2005,"2005-11-06","20051106"
11,14,2004,"2004-11-14","20041114"
8,15,2018,"2018-08-15","20180815"
7,10,1994,"1994-07-10","19940710"
9,12,2016,"2016-09-12","20160912"
9,11,2017,"2017-09-11","20170911"
8,15,2011,"2011-08-15","20110815"
1,25,2009,"2009-01-25","20090125"
6,21,1992,"1992-06-21","19920621"
4,5,2015,"2015-04-05","20150405"
7,23,2017,"2017-07-23","20170723"
12,16,2005,"2005-12-16","20051216"
9,10,2006,"2006-09-10","20060910"
11,13,2016,"2016-11-13","20161113"
1,2,2011,"2011-01-02","20110102"
5,5,2014,"2014-05-05","20140505"
4,9,2006,"2006-04-09","20060409"
4,2,2019,"2019-04-02","20190402"
8,24,2018,"2018-08-24","20180824"
8,3,1997,"1997-08-03","19970803"
3,14,2004,"2004-03-14","20040314"
12,27,1998,"1998-12-27","19981227"
4,22,2012,"2012-04-22","20120422"
7,27,2008,"2008-07-27","20080727"
1,7,2016,"2016-01-07","20160107"
12,3,2018,"2018-12-03","20181203"
12,17,2000,"2000-12-17","20001217"
5,11,2003,"2003-05-11","20030511"
8,5,2018,"2018-08-05","20180805"
11,1,2015,"2015-11-01","20151101"
7,31,2011,"2011-07-31","20110731"
8,22,2016,"2016-08-22","20160822"
7,9,2019,"2019-07-09","20190709"
5,27,2007,"2007-05-27","20070527"
10,23,2018,"2018-10-23","20181023"
3,3,2020,"2020-03-03","20200303"
6,18,2019,"2019-06-18","20190618"
5,24,2017,"2017-05-24","20170524"
4,4,2019,"2019-04-04","20190404"
1,7,2019,"2019-01-07","20190107"
10,2,2017,"2017-10-02","20171002"
2,11,2009,"2009-02-11","20090211"
7,1,2012,"2012-07-01","20120701"
9,9,2019,"2019-09-09","20190909"
9,27,2019,"2019-09-27","20190927"
6,6,2010,"2010-06-06","20100606"
3,4,2014,"2014-03-04","20140304"
8,16,2017,"2017-08-16","20170816"
6,19,2019,"2019-06-19","20190619"
6,27,2017,"2017-06-27","20170627"
11,20,2018,"2018-11-20","20181120"
11,26,2018,"2018-11-26","20181126"
10,22,2018,"2018-10-22","20181022"
4,14,2013,"2013-04-14","20130414"
7,12,2009,"2009-07-12","20090712"
3,21,1999,"1999-03-21","19990321"
6,19,1994,"1994-06-19","19940619"
5,18,2003,"2003-05-18","20030518"
1,7,2020,"2020-01-07","20200107"
8,16,2019,"2019-08-16","20190816"
9,27,2018,"2018-09-27","20180927"
3,12,2018,"2018-03-12","20180312"
5,8,2018,"2018-05-08","20180508"
12,15,1996,"1996-12-15","19961215"
3,10,2013,"2013-03-10","20130310"
2,25,1990,"1990-02-25","19900225"
11,9,2015,"2015-11-09","20151109"
2,6,2020,"2020-02-06","20200206"
7,31,2013,"2013-07-31","20130731"
3,19,2019,"2019-03-19","20190319"
1,20,2016,"2016-01-20","20160120"
8,31,2003,"2003-08-31","20030831"
5,24,2014,"2014-05-24","20140524"
11,16,2015,"2015-11-16","20151116"
9,19,2016,"2016-09-19","20160919"
8,8,1999,"1999-08-08","19990808"
9,30,1990,"1990-09-30","19900930"
8,2,2020,"2020-08-02","20200802"
10,12,1997,"1997-10-12","19971012"
1,9,2000,"2000-01-09","20000109"
8,4,2002,"2002-08-04","20020804"
5,1,2016,"2016-05-01","20160501"
12,31,1995,"1995-12-31","19951231"
8,1,2018,"2018-08-01","20180801"
11,28,2016,"2016-11-28","20161128"
5,1,1988,"1988-05-01","19880501"
2,19,1989,"1989-02-19","19890219"
10,10,1993,"1993-10-10","19931010"
2,18,1989,"1989-02-18","19890218"
9,19,2010,"2010-09-19","20100919"
11,5,1989,"1989-11-05","19891105"
8,13,2020,"2020-08-13","20200813"
12,17,1995,"1995-12-17","19951217"
8,10,2003,"2003-08-10","20030810"
1,16,2012,"2012-01-16","20120116"
10,22,1995,"1995-10-22","19951022"
10,4,2015,"2015-10-04","20151004"
11,17,2016,"2016-11-17","20161117"
6,16,2002,"2002-06-16","20020616"
8,19,2017,"2017-08-19","20170819"
5,9,2016,"2016-05-09","20160509"
3,24,2002,"2002-03-24","20020324"
1,9,2017,"2017-01-09","20170109"
7,17,2017,"2017-07-17","20170717"
9,16,2007,"2007-09-16","20070916"
7,1,2001,"2001-07-01","20010701"
1,19,1992,"1992-01-19","19920119"
10,15,1989,"1989-10-15","19891015"
1,21,2007,"2007-01-21","20070121"
8,18,1996,"1996-08-18","19960818"
3,11,2001,"2001-03-11","20010311"
3,10,2002,"2002-03-10","20020310"
9,3,2000,"2000-09-03","20000903"
6,12,2011,"2011-06-12","20110612"
11,15,2015,"2015-11-15","20151115"
10,24,1993,"1993-10-24","19931024"
10,19,1986,"1986-10-19","19861019"
7,15,2001,"2001-07-15","20010715"
10,8,2006,"2006-10-08","20061008"
5,10,1992,"1992-05-10","19920510"
1,16,2005,"2005-01-16","20050116"
2,27,2005,"2005-02-27","20050227"
10,26,2008,"2008-10-26","20081026"
6,19,2005,"2005-06-19","20050619"
11,9,2003,"2003-11-09","20031109"
4,3,2000,"2000-04-03","20000403"
7,24,2011,"2011-07-24","20110724"
8,4,2013,"2013-08-04","20130804"
3,13,2011,"2011-03-13","20110313"
2,17,2019,"2019-02-17","20190217"
7,6,2014,"2014-07-06","20140706"
2,26,1995,"1995-02-26","19950226"
7,30,1995,"1995-07-30","19950730"
4,28,2002,"2002-04-28","20020428"
12,24,2000,"2000-12-24","20001224"
4,27,2003,"2003-04-27","20030427"
1,6,1991,"1991-01-06","19910106"
5,13,2018,"2018-05-13","20180513"
11,1,2009,"2009-11-01","20091101"
1,13,2014,"2014-01-13","20140113"
5,2,2010,"2010-05-02","20100502"
8,21,2011,"2011-08-21","20110821"
4,20,2008,"2008-04-20","20080420"
4,18,2010,"2010-04-18","20100418"
9,30,2001,"2001-09-30","20010930"
4,19,1998,"1998-04-19","19980419"
11,28,2010,"2010-11-28","20101128"
9,17,2000,"2000-09-17","20000917"
5,13,2001,"2001-05-13","20010513"
10,14,1990,"1990-10-14","19901014"
7,10,2005,"2005-07-10","20050710"
5,16,1999,"1999-05-16","19990516"
2,5,1989,"1989-02-05","19890205"
6,4,2006,"2006-06-04","20060604"
2,21,2010,"2010-02-21","20100221"
10,4,2009,"2009-10-04","20091004"
1,13,2008,"2008-01-13","20080113"
1,1,1982,"1982-01-01","19820101"
4,29,2007,"2007-04-29","20070429"
10,26,2003,"2003-10-26","20031026"
10,5,1986,"1986-10-05","19861005"
4,7,1996,"1996-04-07","19960407"
6,29,1997,"1997-06-29","19970629"
3,23,1997,"1997-03-23","19970323"
7,7,2002,"2002-07-07","20020707"
3,22,1998,"1998-03-22","19980322"
6,8,2014,"2014-06-08","20140608"
12,19,1993,"1993-12-19","19931219"
9,2,2007,"2007-09-02","20070902"
1,3,2017,"2017-01-03","20170103"
7,24,2002,"2002-07-24","20020724"
4,12,2020,"2020-04-12","20200412"
7,18,2004,"2004-07-18","20040718"
8,18,2002,"2002-08-18","20020818"
4,13,2003,"2003-04-13","20030413"
7,8,2012,"2012-07-08","20120708"
2,8,1976,"1976-02-08","19760208"
8,21,1988,"1988-08-21","19880821"
9,2,2001,"2001-09-02","20010902"
1,10,2010,"2010-01-10","20100110"
4,1,1990,"1990-04-01","19900401"
11,5,2006,"2006-11-05","20061105"
10,11,1998,"1998-10-11","19981011"
10,22,2006,"2006-10-22","20061022"
7,25,1999,"1999-07-25","19990725"
11,3,2013,"2013-11-03","20131103"
9,21,1997,"1997-09-21","19970921"
10,29,2006,"2006-10-29","20061029"
5,24,2018,"2018-05-24","20180524"
3,6,2016,"2016-03-06","20160306"
3,26,1995,"1995-03-26","19950326"
5,5,2002,"2002-05-05","20020505"
11,8,1992,"1992-11-08","19921108"
7,3,2005,"2005-07-03","20050703"
10,12,2005,"2005-10-12","20051012"
4,3,2006,"2006-04-03","20060403"
11,19,2006,"2006-11-19","20061119"
11,11,1990,"1990-11-11","19901111"
10,23,2005,"2005-10-23","20051023"
12,23,2001,"2001-12-23","20011223"
2,13,2014,"2014-02-13","20140213"
10,5,1997,"1997-10-05","19971005"
2,26,2006,"2006-02-26","20060226"
6,24,2001,"2001-06-24","20010624"
6,30,1996,"1996-06-30","19960630"
5,2,1999,"1999-05-02","19990502"
9,30,2007,"2007-09-30","20070930"
12,3,2000,"2000-12-03","20001203"
2,13,2000,"2000-02-13","20000213"
7,16,2006,"2006-07-16","20060716"
8,18,2019,"2019-08-18","20190818"
7,20,2003,"2003-07-20","20030720"
12,2,2010,"2010-12-02","20101202"
5,28,2017,"2017-05-28","20170528"
9,6,1998,"1998-09-06","19980906"
12,24,1989,"1989-12-24","19891224"
1,12,1997,"1997-01-12","19970112"
10,15,2000,"2000-10-15","20001015"
1,29,1995,"1995-01-29","19950129"
6,17,2012,"2012-06-17","20120617"
9,26,1993,"1993-09-26","19930926"
8,26,2012,"2012-08-26","20120826"
1,10,1988,"1988-01-10","19880110"
12,23,2018,"2018-12-23","20181223"
1,15,2012,"2012-01-15","20120115"
2,6,2005,"2005-02-06","20050206"
11,17,2013,"2013-11-17","20131117"
10,20,1996,"1996-10-20","19961020"
11,5,1995,"1995-11-05","19951105"
1,9,2011,"2011-01-09","20110109"
4,7,2002,"2002-04-07","20020407"
12,26,1999,"1999-12-26","19991226"
8,20,1989,"1989-08-20","19890820"
3,10,2015,"2015-03-10","20150310"
6,11,2006,"2006-06-11","20060611"
1,16,1994,"1994-01-16","19940116"
12,18,2011,"2011-12-18","20111218"
9,19,1999,"1999-09-19","19990919"
1,26,2014,"2014-01-26","20140126"
6,28,1998,"1998-06-28","19980628"
7,21,2019,"2019-07-21","20190721"
6,29,2019,"2019-06-29","20190629"
1,28,1996,"1996-01-28","19960128"
1,10,1999,"1999-01-10","19990110"
12,29,2003,"2003-12-29","20031229"
3,4,1990,"1990-03-04","19900304"
7,28,1996,"1996-07-28","19960728"
9,15,1991,"1991-09-15","19910915"
6,20,2010,"2010-06-20","20100620"
12,5,2004,"2004-12-05","20041205"
5,23,2016,"2016-05-23","20160523"
5,19,2008,"2008-05-19","20080519"
8,6,1989,"1989-08-06","19890806"
6,26,2017,"2017-06-26","20170626"
4,21,1996,"1996-04-21","19960421"
5,9,1993,"1993-05-09","19930509"
3,8,2015,"2015-03-08","20150308"
7,11,1999,"1999-07-11","19990711"
8,25,1985,"1985-08-25","19850825"
11,25,2001,"2001-11-25","20011125"
2,13,1994,"1994-02-13","19940213"
8,25,2013,"2013-08-25","20130825"
6,30,1985,"1985-06-30","19850630"
12,26,2015,"2015-12-26","20151226"
1,2,2000,"2000-01-02","20000102"
4,8,2007,"2007-04-08","20070408"
6,21,2016,"2016-06-21","20160621"
6,5,2017,"2017-06-05","20170605"
4,1,2019,"2019-04-01","20190401"
6,13,2004,"2004-06-13","20040613"
5,21,2009,"2009-05-21","20090521"
3,20,2005,"2005-03-20","20050320"
1,31,2010,"2010-01-31","20100131"
4,28,1991,"1991-04-28","19910428"
8,31,1975,"1975-08-31","19750831"
7,20,1997,"1997-07-20","19970720"
5,7,1995,"1995-05-07","19950507"
8,20,2000,"2000-08-20","20000820"
2,19,1995,"1995-02-19","19950219"
5,14,2007,"2007-05-14","20070514"
11,20,2017,"2017-11-20","20171120"
8,17,2017,"2017-08-17","20170817"
3,12,1989,"1989-03-12","19890312"
12,5,1993,"1993-12-05","19931205"
9,21,2003,"2003-09-21","20030921"
9,7,2014,"2014-09-07","20140907"
6,19,2011,"2011-06-19","20110619"
2,12,1984,"1984-02-12","19840212"
6,19,2017,"2017-06-19","20170619"
2,24,2002,"2002-02-24","20020224"
6,22,2008,"2008-06-22","20080622"
8,28,2013,"2013-08-28","20130828"
7,9,1995,"1995-07-09","19950709"
7,15,1984,"1984-07-15","19840715"
3,19,2013,"2013-03-19","20130319"
4,24,2017,"2017-04-24","20170424"
8,25,1996,"1996-08-25","19960825"
9,21,2014,"2014-09-21","20140921"
8,23,1987,"1987-08-23","19870823"
4,9,1995,"1995-04-09","19950409"
11,10,1991,"1991-11-10","19911110"
3,2,1986,"1986-03-02","19860302"
2,28,1999,"1999-02-28","19990228"
6,15,2015,"2015-06-15","20150615"
6,4,1995,"1995-06-04","19950604"
7,14,2002,"2002-07-14","20020714"
12,1,2003,"2003-12-01","20031201"
12,8,2000,"2000-12-08","20001208"
6,13,2010,"2010-06-13","20100613"
10,13,1991,"1991-10-13","19911013"
1,25,1987,"1987-01-25","19870125"
4,27,2017,"2017-04-27","20170427"
3,18,2019,"2019-03-18","20190318"
5,12,1991,"1991-05-12","19910512"
6,1,2003,"2003-06-01","20030601"
1,14,1990,"1990-01-14","19900114"
5,28,2006,"2006-05-28","20060528"
8,27,2018,"2018-08-27","20180827"
2,10,2013,"2013-02-10","20130210"
4,16,2000,"2000-04-16","20000416"
7,7,1996,"1996-07-07","19960707"
5,14,1989,"1989-05-14","19890514"
10,20,1985,"1985-10-20","19851020"
7,3,2017,"2017-07-03","20170703"
9,7,2003,"2003-09-07","20030907"
9,4,1988,"1988-09-04","19880904"
5,6,1990,"1990-05-06","19900506"
5,15,1988,"1988-05-15","19880515"
6,10,1979,"1979-06-10","19790610"
1,5,1997,"1997-01-05","19970105"
3,20,2017,"2017-03-20","20170320"
5,5,2015,"2015-05-05","20150505"
8,19,2001,"2001-08-19","20010819"
3,4,2008,"2008-03-04","20080304"
2,20,2009,"2009-02-20","20090220"
1,2,2001,"2001-01-02","20010102"
3,20,2006,"2006-03-20","20060320"
12,26,2004,"2004-12-26","20041226"
10,29,1995,"1995-10-29","19951029"
7,8,1994,"1994-07-08","19940708"
12,29,1985,"1985-12-29","19851229"
7,25,2017,"2017-07-25","20170725"
5,25,2008,"2008-05-25","20080525"
10,8,1989,"1989-10-08","19891008"
9,25,2005,"2005-09-25","20050925"
6,11,1989,"1989-06-11","19890611"
9,20,1998,"1998-09-20","19980920"
4,30,1995,"1995-04-30","19950430"
4,16,1989,"1989-04-16","19890416"
10,21,1990,"1990-10-21","19901021"
7,21,1996,"1996-07-21","19960721"
2,17,2002,"2002-02-17","20020217"
10,4,1998,"1998-10-04","19981004"
8,29,2010,"2010-08-29","20100829"
6,26,1994,"1994-06-26","19940626"
4,3,2018,"2018-04-03","20180403"
3,25,2013,"2013-03-25","20130325"
3,7,2004,"2004-03-07","20040307"
11,11,2001,"2001-11-11","20011111"
11,14,1993,"1993-11-14","19931114"
10,18,2009,"2009-10-18","20091018"
5,17,1992,"1992-05-17","19920517"
11,16,2003,"2003-11-16","20031116"
12,7,2008,"2008-12-07","20081207"
6,4,2016,"2016-06-04","20160604"
8,22,2010,"2010-08-22","20100822"
3,15,1992,"1992-03-15","19920315"
6,16,1985,"1985-06-16","19850616"
5,29,2002,"2002-05-29","20020529"
6,2,2003,"2003-06-02","20030602"
4,10,2013,"2013-04-10","20130410"
6,18,2009,"2009-06-18","20090618"
6,2,1996,"1996-06-02","19960602"
1,30,2017,"2017-01-30","20170130"
2,10,1991,"1991-02-10","19910210"
2,1,1998,"1998-02-01","19980201"
3,5,2017,"2017-03-05","20170305"
4,25,2016,"2016-04-25","20160425"
8,9,2015,"2015-08-09","20150809"
1,27,1991,"1991-01-27","19910127"
8,24,2016,"2016-08-24","20160824"
6,12,2016,"2016-06-12","20160612"
2,3,1991,"1991-02-03","19910203"
9,7,2008,"2008-09-07","20080907"
8,1,1999,"1999-08-01","19990801"
6,12,2017,"2017-06-12","20170612"
5,8,1988,"1988-05-08","19880508"
5,29,1988,"1988-05-29","19880529"
11,25,2013,"2013-11-25","20131125"
6,28,2007,"2007-06-28","20070628"
6,13,1993,"1993-06-13","19930613"
6,26,2016,"2016-06-26","20160626"
11,7,2016,"2016-11-07","20161107"
1,1,2012,"2012-01-01","20120101"
8,25,1991,"1991-08-25","19910825"
3,27,2011,"2011-03-27","20110327"
7,30,1989,"1989-07-30","19890730"
7,23,1989,"1989-07-23","19890723"
12,23,1990,"1990-12-23","19901223"
8,24,1986,"1986-08-24","19860824"
7,19,1992,"1992-07-19","19920719"
4,2,1989,"1989-04-02","19890402"
6,10,1990,"1990-06-10","19900610"
7,22,2018,"2018-07-22","20180722"
3,15,1998,"1998-03-15","19980315"
7,8,2002,"2002-07-08","20020708"
4,19,1981,"1981-04-19","19810419"
8,10,1997,"1997-08-10","19970810"
6,9,2017,"2017-06-09","20170609"
5,31,2015,"2015-05-31","20150531"
6,25,1989,"1989-06-25","19890625"
6,3,2012,"2012-06-03","20120603"
7,21,2013,"2013-07-21","20130721"
5,23,1999,"1999-05-23","19990523"
8,31,2018,"2018-08-31","20180831"
8,13,1995,"1995-08-13","19950813"
7,6,1997,"1997-07-06","19970706"
3,14,1993,"1993-03-14","19930314"
3,28,2001,"2001-03-28","20010328"
7,12,1987,"1987-07-12","19870712"
8,8,2004,"2004-08-08","20040808"
4,4,2013,"2013-04-04","20130404"
3,23,1986,"1986-03-23","19860323"
4,1,2001,"2001-04-01","20010401"
10,13,1985,"1985-10-13","19851013"
9,6,1987,"1987-09-06","19870906"
9,14,2003,"2003-09-14","20030914"
9,27,1999,"1999-09-27","19990927"
8,30,1992,"1992-08-30","19920830"
6,27,2004,"2004-06-27","20040627"
6,15,2003,"2003-06-15","20030615"
9,4,2001,"2001-09-04","20010904"
6,21,2017,"2017-06-21","20170621"
3,24,1996,"1996-03-24","19960324"
2,22,2012,"2012-02-22","20120222"
9,27,1992,"1992-09-27","19920927"
12,3,2006,"2006-12-03","20061203"
2,7,1993,"1993-02-07","19930207"
8,12,2002,"2002-08-12","20020812"
7,7,1991,"1991-07-07","19910707"
9,8,2004,"2004-09-08","20040908"
10,4,2016,"2016-10-04","20161004"
2,23,2003,"2003-02-23","20030223"
3,6,1988,"1988-03-06","19880306"
6,7,1998,"1998-06-07","19980607"
6,13,2017,"2017-06-13","20170613"
6,29,2003,"2003-06-29","20030629"
10,2,1988,"1988-10-02","19881002"
11,13,2005,"2005-11-13","20051113"
7,5,1987,"1987-07-05","19870705"
10,23,1994,"1994-10-23","19941023"
5,11,1980,"1980-05-11","19800511"
6,20,2017,"2017-06-20","20170620"
3,20,2016,"2016-03-20","20160320"
4,29,2018,"2018-04-29","20180429"
1,7,1996,"1996-01-07","19960107"
9,17,1995,"1995-09-17","19950917"
4,26,1981,"1981-04-26","19810426"
4,29,2019,"2019-04-29","20190429"
7,16,2000,"2000-07-16","20000716"
2,2,2004,"2004-02-02","20040202"
5,27,2018,"2018-05-27","20180527"
5,19,1996,"1996-05-19","19960519"
2,17,1991,"1991-02-17","19910217"
9,10,1995,"1995-09-10","19950910"
3,26,2006,"2006-03-26","20060326"
5,28,2000,"2000-05-28","20000528"
7,6,2017,"2017-07-06","20170706"
6,30,2016,"2016-06-30","20160630"
7,24,2016,"2016-07-24","20160724"
3,1,1992,"1992-03-01","19920301"
9,2,1990,"1990-09-02","19900902"
6,9,1991,"1991-06-09","19910609"
12,18,1994,"1994-12-18","19941218"
3,9,1997,"1997-03-09","19970309"
6,8,2016,"2016-06-08","20160608"
6,16,2008,"2008-06-16","20080616"
3,2,1997,"1997-03-02","19970302"
7,5,1981,"1981-07-05","19810705"
6,4,2000,"2000-06-04","20000604"
6,15,2016,"2016-06-15","20160615"
6,7,2016,"2016-06-07","20160607"
12,16,2002,"2002-12-16","20021216"
9,2,2017,"2017-09-02","20170902"
5,23,2010,"2010-05-23","20100523"
1,21,1990,"1990-01-21","19900121"
5,9,1982,"1982-05-09","19820509"
7,21,2017,"2017-07-21","20170721"
9,22,1996,"1996-09-22","19960922"
1,16,1972,"1972-01-16","19720116"
3,10,1996,"1996-03-10","19960310"
7,8,1990,"1990-07-08","19900708"
11,29,2009,"2009-11-29","20091129"
6,17,2016,"2016-06-17","20160617"
6,1,2016,"2016-06-01","20160601"
1,30,2016,"2016-01-30","20160130"
11,17,2003,"2003-11-17","20031117"
3,20,1988,"1988-03-20","19880320"
2,23,1986,"1986-02-23","19860223"
5,29,2016,"2016-05-29","20160529"
11,24,1991,"1991-11-24","19911124"
7,16,1989,"1989-07-16","19890716"
4,14,2002,"2002-04-14","20020414"
8,14,1994,"1994-08-14","19940814"
6,23,1996,"1996-06-23","19960623"
4,27,1980,"1980-04-27","19800427"
11,8,1987,"1987-11-08","19871108"
5,12,2014,"2014-05-12","20140512"
4,13,2004,"2004-04-13","20040413"
5,20,2017,"2017-05-20","20170520"
1,27,2016,"2016-01-27","20160127"
8,18,1991,"1991-08-18","19910818"
9,22,1991,"1991-09-22","19910922"
1,13,1991,"1991-01-13","19910113"
7,4,2015,"2015-07-04","20150704"
5,5,1996,"1996-05-05","19960505"
12,30,1984,"1984-12-30","19841230"
8,23,1998,"1998-08-23","19980823"
2,12,1989,"1989-02-12","19890212"
7,2,2001,"2001-07-02","20010702"
4,6,2014,"2014-04-06","20140406"
12,28,2010,"2010-12-28","20101228"
4,6,2012,"2012-04-06","20120406"
5,14,2017,"2017-05-14","20170514"
8,6,2007,"2007-08-06","20070806"
9,3,1989,"1989-09-03","19890903"
7,5,1998,"1998-07-05","19980705"
10,29,1972,"1972-10-29","19721029"
1,7,2018,"2018-01-07","20180107"
4,26,2004,"2004-04-26","20040426"
3,23,2018,"2018-03-23","20180323"
6,20,1999,"1999-06-20","19990620"
6,28,2016,"2016-06-28","20160628"
6,14,1992,"1992-06-14","19920614"
2,4,2007,"2007-02-04","20070204"
5,8,1994,"1994-05-08","19940508"
8,27,1995,"1995-08-27","19950827"
5,31,2005,"2005-05-31","20050531"
9,29,2002,"2002-09-29","20020929"
2,13,2011,"2011-02-13","20110213"
10,7,2001,"2001-10-07","20011007"
8,28,1994,"1994-08-28","19940828"
2,9,2007,"2007-02-09","20070209"
6,14,2016,"2016-06-14","20160614"
6,2,2002,"2002-06-02","20020602"
2,11,2008,"2008-02-11","20080211"
9,22,1985,"1985-09-22","19850922"
3,11,2007,"2007-03-11","20070311"
12,13,1987,"1987-12-13","19871213"
2,16,1992,"1992-02-16","19920216"
5,16,2004,"2004-05-16","20040516"
9,9,1984,"1984-09-09","19840909"
4,7,2013,"2013-04-07","20130407"
12,29,1991,"1991-12-29","19911229"
3,5,1989,"1989-03-05","19890305"
9,23,1984,"1984-09-23","19840923"
7,4,1999,"1999-07-04","19990704"
2,14,1993,"1993-02-14","19930214"
3,2,2009,"2009-03-02","20090302"
9,2,1979,"1979-09-02","19790902"
4,3,2003,"2003-04-03","20030403"
10,6,1996,"1996-10-06","19961006"
2,25,2001,"2001-02-25","20010225"
3,22,1987,"1987-03-22","19870322"
6,29,1986,"1986-06-29","19860629"
8,12,2001,"2001-08-12","20010812"
9,29,1996,"1996-09-29","19960929"
1,29,1989,"1989-01-29","19890129"
7,14,1985,"1985-07-14","19850714"
5,24,2009,"2009-05-24","20090524"
3,6,2005,"2005-03-06","20050306"
10,30,1988,"1988-10-30","19881030"
10,30,2005,"2005-10-30","20051030"
7,17,1994,"1994-07-17","19940717"
4,17,1988,"1988-04-17","19880417"
9,18,1988,"1988-09-18","19880918"
12,1,1991,"1991-12-01","19911201"
11,4,1984,"1984-11-04","19841104"
9,9,2013,"2013-09-09","20130909"
5,10,1987,"1987-05-10","19870510"
12,1,1985,"1985-12-01","19851201"
12,9,1998,"1998-12-09","19981209"
11,12,1989,"1989-11-12","19891112"
8,4,1991,"1991-08-04","19910804"
10,1,1989,"1989-10-01","19891001"
9,1,1991,"1991-09-01","19910901"
2,14,1999,"1999-02-14","19990214"
11,25,1984,"1984-11-25","19841125"
12,18,2000,"2000-12-18","20001218"
10,13,2002,"2002-10-13","20021013"
7,24,2017,"2017-07-24","20170724"
9,8,2013,"2013-09-08","20130908"
3,29,2004,"2004-03-29","20040329"
3,29,1998,"1998-03-29","19980329"
4,1,2007,"2007-04-01","20070401"
10,25,1981,"1981-10-25","19811025"
5,14,2006,"2006-05-14","20060514"
9,27,1981,"1981-09-27","19810927"
7,14,1996,"1996-07-14","19960714"
11,2,1997,"1997-11-02","19971102"
7,16,2001,"2001-07-16","20010716"
5,25,2011,"2011-05-25","20110525"
8,27,2001,"2001-08-27","20010827"
5,12,1996,"1996-05-12","19960512"
8,9,1998,"1998-08-09","19980809"
8,6,2018,"2018-08-06","20180806"
10,2,2005,"2005-10-02","20051002"
4,11,2010,"2010-04-11","20100411"
9,25,1994,"1994-09-25","19940925"
10,14,1979,"1979-10-14","19791014"
7,1,1990,"1990-07-01","19900701"
10,25,1998,"1998-10-25","19981025"
8,7,1988,"1988-08-07","19880807"
3,15,2010,"2010-03-15","20100315"
6,12,1994,"1994-06-12","19940612"
5,6,1984,"1984-05-06","19840506"
3,1,1998,"1998-03-01","19980301"
11,16,1997,"1997-11-16","19971116"
1,3,1999,"1999-01-03","19990103"
10,16,1988,"1988-10-16","19881016"
7,17,1988,"1988-07-17","19880717"
5,30,1976,"1976-05-30","19760530"
8,24,1997,"1997-08-24","19970824"
8,31,1997,"1997-08-31","19970831"
8,11,1991,"1991-08-11","19910811"
3,30,2017,"2017-03-30","20170330"
9,20,1987,"1987-09-20","19870920"
1,5,1992,"1992-01-05","19920105"
6,28,1987,"1987-06-28","19870628"
12,6,1987,"1987-12-06","19871206"
4,8,1990,"1990-04-08","19900408"
9,13,1987,"1987-09-13","19870913"
12,10,1989,"1989-12-10","19891210"
9,10,2000,"2000-09-10","20000910"
5,8,2000,"2000-05-08","20000508"
3,9,1986,"1986-03-09","19860309"
8,5,1990,"1990-08-05","19900805"
3,24,1985,"1985-03-24","19850324"
10,9,2000,"2000-10-09","20001009"
7,31,1994,"1994-07-31","19940731"
12,20,1998,"1998-12-20","19981220"
9,8,1996,"1996-09-08","19960908"
4,19,1992,"1992-04-19","19920419"
6,23,1991,"1991-06-23","19910623"
11,9,2017,"2017-11-09","20171109"
9,15,1985,"1985-09-15","19850915"
5,25,2017,"2017-05-25","20170525"
11,6,1988,"1988-11-06","19881106"
12,4,2013,"2013-12-04","20131204"
5,28,1989,"1989-05-28","19890528"
11,11,2007,"2007-11-11","20071111"
8,23,2017,"2017-08-23","20170823"
7,11,1994,"1994-07-11","19940711"
10,26,2016,"2016-10-26","20161026"
2,23,2018,"2018-02-23","20180223"
4,12,2018,"2018-04-12","20180412"
6,17,1990,"1990-06-17","19900617"
4,24,1994,"1994-04-24","19940424"
8,26,2001,"2001-08-26","20010826"
4,2,1978,"1978-04-02","19780402"
8,22,2008,"2008-08-22","20080822"
6,21,1987,"1987-06-21","19870621"
11,25,1990,"1990-11-25","19901125"
1,10,2005,"2005-01-10","20050110"
4,9,2000,"2000-04-09","20000409"
9,1,1996,"1996-09-01","19960901"
2,22,2009,"2009-02-22","20090222"
6,13,2005,"2005-06-13","20050613"
10,24,2000,"2000-10-24","20001024"
4,4,2004,"2004-04-04","20040404"
9,14,1997,"1997-09-14","19970914"
11,6,1994,"1994-11-06","19941106"
11,21,1993,"1993-11-21","19931121"
10,28,1990,"1990-10-28","19901028"
6,1,1961,"1961-06-01","19610601"
2,27,1994,"1994-02-27","19940227"
12,21,1986,"1986-12-21","19861221"
12,5,2016,"2016-12-05","20161205"
5,6,2007,"2007-05-06","20070506"
12,3,1995,"1995-12-03","19951203"
11,30,2008,"2008-11-30","20081130"
5,18,1986,"1986-05-18","19860518"
2,11,1996,"1996-02-11","19960211"
10,22,1989,"1989-10-22","19891022"
2,5,2006,"2006-02-05","20060205"
1,31,1993,"1993-01-31","19930131"
2,14,1988,"1988-02-14","19880214"
3,13,2005,"2005-03-13","20050313"
5,4,2003,"2003-05-04","20030504"
12,15,2013,"2013-12-15","20131215"
10,24,2010,"2010-10-24","20101024"
8,13,2004,"2004-08-13","20040813"
9,8,1985,"1985-09-08","19850908"
3,23,2014,"2014-03-23","20140323"
8,31,2008,"2008-08-31","20080831"
2,28,2010,"2010-02-28","20100228"
1,11,2005,"2005-01-11","20050111"
1,7,1990,"1990-01-07","19900107"
8,16,1992,"1992-08-16","19920816"
9,21,1975,"1975-09-21","19750921"
5,23,1993,"1993-05-23","19930523"
9,17,1978,"1978-09-17","19780917"
7,19,2009,"2009-07-19","20090719"
10,15,1995,"1995-10-15","19951015"
10,28,2007,"2007-10-28","20071028"
12,5,2011,"2011-12-05","20111205"
7,22,1990,"1990-07-22","19900722"
9,27,1998,"1998-09-27","19980927"
3,11,2012,"2012-03-11","20120311"
4,12,1992,"1992-04-12","19920412"
7,25,2004,"2004-07-25","20040725"
6,6,1999,"1999-06-06","19990606"
12,3,2019,"2019-12-03","20191203"
11,15,2009,"2009-11-15","20091115"
11,22,1998,"1998-11-22","19981122"
7,13,1986,"1986-07-13","19860713"
2,26,2012,"2012-02-26","20120226"
3,9,2003,"2003-03-09","20030309"
4,13,1975,"1975-04-13","19750413"
5,2,2016,"2016-05-02","20160502"
2,27,1983,"1983-02-27","19830227"
3,30,1986,"1986-03-30","19860330"
7,9,2000,"2000-07-09","20000709"
6,14,1987,"1987-06-14","19870614"
11,19,2001,"2001-11-19","20011119"
11,9,2016,"2016-11-09","20161109"
7,9,1989,"1989-07-09","19890709"
10,29,1989,"1989-10-29","19891029"
5,6,2001,"2001-05-06","20010506"
4,2,2007,"2007-04-02","20070402"
3,11,1990,"1990-03-11","19900311"
11,9,1997,"1997-11-09","19971109"
12,11,1988,"1988-12-11","19881211"
2,8,1987,"1987-02-08","19870208"
12,8,1991,"1991-12-08","19911208"
1,30,2000,"2000-01-30","20000130"
4,23,1989,"1989-04-23","19890423"
4,17,1994,"1994-04-17","19940417"
3,19,2006,"2006-03-19","20060319"
6,1,2006,"2006-06-01","20060601"
12,1,2009,"2009-12-01","20091201"
11,1,2017,"2017-11-01","20171101"
8,19,1973,"1973-08-19","19730819"
4,11,1999,"1999-04-11","19990411"
1,18,2009,"2009-01-18","20090118"
7,10,1988,"1988-07-10","19880710"
12,7,1980,"1980-12-07","19801207"
1,14,2008,"2008-01-14","20080114"
1,12,1986,"1986-01-12","19860112"
4,20,2010,"2010-04-20","20100420"
3,16,1997,"1997-03-16","19970316"
7,11,2017,"2017-07-11","20170711"
4,4,2016,"2016-04-04","20160404"
8,1,1993,"1993-08-01","19930801"
7,5,2009,"2009-07-05","20090705"
3,19,1989,"1989-03-19","19890319"
9,5,2002,"2002-09-05","20020905"
1,21,2016,"2016-01-21","20160121"
5,11,2017,"2017-05-11","20170511"
10,6,1991,"1991-10-06","19911006"
1,18,2017,"2017-01-18","20170118"
3,19,2000,"2000-03-19","20000319"
1,3,2010,"2010-01-03","20100103"
10,8,2013,"2013-10-08","20131008"
3,4,1979,"1979-03-04","19790304"
7,20,2017,"2017-07-20","20170720"
5,19,1991,"1991-05-19","19910519"
3,5,1995,"1995-03-05","19950305"
9,28,1980,"1980-09-28","19800928"
1,6,2008,"2008-01-06","20080106"
5,26,2004,"2004-05-26","20040526"
10,31,1999,"1999-10-31","19991031"
9,21,1986,"1986-09-21","19860921"
4,3,1977,"1977-04-03","19770403"
8,30,2013,"2013-08-30","20130830"
1,24,1999,"1999-01-24","19990124"
6,3,2013,"2013-06-03","20130603"
6,22,1986,"1986-06-22","19860622"
3,5,2002,"2002-03-05","20020305"
9,10,2013,"2013-09-10","20130910"
5,29,2001,"2001-05-29","20010529"
4,9,2001,"2001-04-09","20010409"
4,7,2004,"2004-04-07","20040407"
5,28,2004,"2004-05-28","20040528"
6,3,2001,"2001-06-03","20010603"
8,26,2002,"2002-08-26","20020826"
9,13,1992,"1992-09-13","19920913"
10,18,1987,"1987-10-18","19871018"
3,31,2002,"2002-03-31","20020331"
11,27,2005,"2005-11-27","20051127"
5,4,1986,"1986-05-04","19860504"
6,6,1993,"1993-06-06","19930606"
4,17,2017,"2017-04-17","20170417"
4,8,2002,"2002-04-08","20020408"
8,6,2004,"2004-08-06","20040806"
1,16,1983,"1983-01-16","19830116"
12,28,1986,"1986-12-28","19861228"
3,31,1996,"1996-03-31","19960331"
10,29,2017,"2017-10-29","20171029"
8,13,2001,"2001-08-13","20010813"
3,27,2017,"2017-03-27","20170327"
10,4,2004,"2004-10-04","20041004"
1,16,2018,"2018-01-16","20180116"
4,19,1987,"1987-04-19","19870419"
5,5,1985,"1985-05-05","19850505"
4,15,2002,"2002-04-15","20020415"
2,14,2010,"2010-02-14","20100214"
7,19,1998,"1998-07-19","19980719"
1,16,2000,"2000-01-16","20000116"
2,28,1993,"1993-02-28","19930228"
10,11,2009,"2009-10-11","20091011"
7,25,1993,"1993-07-25","19930725"
3,16,1980,"1980-03-16","19800316"
12,22,1991,"1991-12-22","19911222"
6,30,2014,"2014-06-30","20140630"
7,30,2018,"2018-07-30","20180730"
12,1,2002,"2002-12-01","20021201"
6,24,2002,"2002-06-24","20020624"
5,26,1996,"1996-05-26","19960526"
9,14,1986,"1986-09-14","19860914"
9,25,2000,"2000-09-25","20000925"
5,8,2005,"2005-05-08","20050508"
7,7,2004,"2004-07-07","20040707"
5,28,1995,"1995-05-28","19950528"
5,7,2001,"2001-05-07","20010507"
6,9,2004,"2004-06-09","20040609"
8,24,2014,"2014-08-24","20140824"
4,24,1977,"1977-04-24","19770424"
3,13,1994,"1994-03-13","19940313"
8,1,1961,"1961-08-01","19610801"
8,26,2011,"2011-08-26","20110826"
3,30,1997,"1997-03-30","19970330"
11,23,1980,"1980-11-23","19801123"
8,11,1996,"1996-08-11","19960811"
11,15,1987,"1987-11-15","19871115"
6,4,2014,"2014-06-04","20140604"
6,26,2005,"2005-06-26","20050626"
5,22,1977,"1977-05-22","19770522"
7,27,1986,"1986-07-27","19860727"
6,14,2004,"2004-06-14","20040614"
10,7,1990,"1990-10-07","19901007"
9,24,2001,"2001-09-24","20010924"
4,5,1987,"1987-04-05","19870405"
5,7,1989,"1989-05-07","19890507"
8,5,2016,"2016-08-05","20160805"
4,20,1986,"1986-04-20","19860420"
12,4,2017,"2017-12-04","20171204"
7,1,1965,"1965-07-01","19650701"
6,2,1985,"1985-06-02","19850602"
6,22,2017,"2017-06-22","20170622"
4,13,1997,"1997-04-13","19970413"
12,2,1984,"1984-12-02","19841202"
6,14,2002,"2002-06-14","20020614"
5,22,2000,"2000-05-22","20000522"
3,14,1982,"1982-03-14","19820314"
11,26,1989,"1989-11-26","19891126"
12,3,1989,"1989-12-03","19891203"
4,28,1985,"1985-04-28","19850428"
6,20,1993,"1993-06-20","19930620"
9,11,1988,"1988-09-11","19880911"
3,15,1987,"1987-03-15","19870315"
5,18,2015,"2015-05-18","20150518"
7,20,1980,"1980-07-20","19800720"
1,8,2017,"2017-01-08","20170108"
8,14,2006,"2006-08-14","20060814"
3,21,2010,"2010-03-21","20100321"
5,1,1966,"1966-05-01","19660501"
8,15,1982,"1982-08-15","19820815"
3,19,1995,"1995-03-19","19950319"
3,6,2017,"2017-03-06","20170306"
10,27,1991,"1991-10-27","19911027"
12,26,2006,"2006-12-26","20061226"
11,19,1995,"1995-11-19","19951119"
4,19,2004,"2004-04-19","20040419"
5,21,2001,"2001-05-21","20010521"
12,16,2001,"2001-12-16","20011216"
6,12,2001,"2001-06-12","20010612"
9,15,1996,"1996-09-15","19960915"
1,22,1989,"1989-01-22","19890122"
4,6,2003,"2003-04-06","20030406"
7,18,1999,"1999-07-18","19990718"
5,13,2002,"2002-05-13","20020513"
3,8,1987,"1987-03-08","19870308"
11,26,2000,"2000-11-26","20001126"
9,8,1974,"1974-09-08","19740908"
8,30,1981,"1981-08-30","19810830"
7,21,2003,"2003-07-21","20030721"
4,1,2004,"2004-04-01","20040401"
12,19,2005,"2005-12-19","20051219"
9,6,2005,"2005-09-06","20050906"
4,26,1992,"1992-04-26","19920426"
10,10,1982,"1982-10-10","19821010"
5,25,1986,"1986-05-25","19860525"
3,3,1991,"1991-03-03","19910303"
10,3,2004,"2004-10-03","20041003"
4,3,2017,"2017-04-03","20170403"
12,19,1999,"1999-12-19","19991219"
4,2,2004,"2004-04-02","20040402"
9,12,1999,"1999-09-12","19990912"
3,7,1982,"1982-03-07","19820307"
1,3,1988,"1988-01-03","19880103"
1,26,1975,"1975-01-26","19750126"
2,8,1998,"1998-02-08","19980208"
7,31,1983,"1983-07-31","19830731"
1,13,2017,"2017-01-13","20170113"
5,2,2004,"2004-05-02","20040502"
5,20,1990,"1990-05-20","19900520"
6,18,1989,"1989-06-18","19890618"
10,25,2009,"2009-10-25","20091025"
10,23,2008,"2008-10-23","20081023"
